surf,read,pos,count
あえ,アエ,"動詞,自立,*,*",1
あげる,アゲル,"動詞,自立,*,*",1
あたり,アタリ,"動詞,自立,*,*",1
あたり,アタリ,"名詞,一般,*,*",1
あっ,アッ,"動詞,自立,*,*",4
あと,アト,"名詞,一般,*,*",4
あり,アリ,"動詞,自立,*,*",1
ある,アル,"動詞,自立,*,*",8
い,イ,"動詞,自立,*,*",5
いい,イイ,"動詞,自立,*,*",1
いい,イイ,"形容詞,自立,*,*",5
いう,イウ,"動詞,自立,*,*",2
いか,イカ,"動詞,自立,*,*",1
いくら,イクラ,"副詞,一般,*,*",1
いじめ,イジメ,"動詞,自立,*,*",1
いじめ,イジメ,"名詞,一般,*,*",1
いたずら,イタズラ,"名詞,サ変接続,*,*",1
いただけ,イタダケ,"動詞,自立,*,*",1
いただける,イタダケル,"動詞,自立,*,*",1
いっ,イッ,"動詞,自立,*,*",3
いる,イル,"動詞,自立,*,*",5
いろいろ,イロイロ,"名詞,形容動詞語幹,*,*",1
うま,ウマ,"形容詞,自立,*,*",1
うらやましい,ウラヤマシイ,"形容詞,自立,*,*",1
おかしい,オカシイ,"形容詞,自立,*,*",3
おかしく,オカシク,"形容詞,自立,*,*",1
おら,オラ,"動詞,自立,*,*",1
お方,オカタ,"名詞,一般,*,*",1
お父さん,オトウサン,"名詞,一般,*,*",1
お礼,オレイ,"名詞,サ変接続,*,*",2
お花畑,オハナバタケ,"名詞,一般,*,*",1
お詫び,オワビ,"名詞,サ変接続,*,*",1
かなり,カナリ,"副詞,一般,*,*",1
き,キ,"動詞,自立,*,*",1
きき,キキ,"動詞,自立,*,*",1
きょう,キョウ,"名詞,副詞可能,*,*",1
く,ク,"形容詞,自立,*,*",1
くだら,クダラ,"動詞,自立,*,*",1
こうしん,コウシン,"名詞,サ変接続,*,*",1
ごく,ゴク,"副詞,一般,*,*",2
ご時世,ゴジセイ,"名詞,一般,*,*",1
ざわざわ,ザワザワ,"名詞,サ変接続,*,*",1
しかも,シカモ,"接続詞,*,*,*",1
しみ,シミ,"動詞,自立,*,*",1
しょうが,ショウガ,"名詞,ナイ形容詞語幹,*,*",1
しょっぴい,ショッピイ,"動詞,自立,*,*",1
しよ,シヨ,"動詞,自立,*,*",2
しれ,シレ,"動詞,自立,*,*",2
じっと,ジット,"副詞,一般,*,*",1
じゃあ,ジャア,"接続詞,*,*,*",2
すごい,スゴイ,"形容詞,自立,*,*",3
すなわち,スナワチ,"接続詞,*,*,*",1
すれ,スレ,"動詞,自立,*,*",1
すん,スン,"動詞,自立,*,*",2
ずっと,ズット,"副詞,一般,*,*",2
せ,セ,"動詞,自立,*,*",1
ぜひ,ゼヒ,"副詞,一般,*,*",1
そい,ソイ,"動詞,自立,*,*",1
そして,ソシテ,"接続詞,*,*,*",3
そりゃ,ソリャ,"接続詞,*,*,*",1
それぞれ,ソレゾレ,"名詞,副詞可能,*,*",1
それで,ソレデ,"接続詞,*,*,*",1
たくさん,タクサン,"名詞,副詞可能,*,*",2
ただ,タダ,"名詞,一般,*,*",1
ただ,タダ,"接続詞,*,*,*",2
だいたい,ダイタイ,"副詞,一般,*,*",1
ちっぽけ,チッポケ,"名詞,形容動詞語幹,*,*",1
ちと,チト,"副詞,一般,*,*",1
ちゃう,チャウ,"動詞,自立,*,*",1
ちゃんと,チャント,"副詞,一般,*,*",1
ちらつか,チラツカ,"動詞,自立,*,*",1
つけ,ツケ,"動詞,自立,*,*",2
てひどい,テヒドイ,"形容詞,自立,*,*",1
で,デ,"接続詞,*,*,*",2
でき,デキ,"動詞,自立,*,*",1
できる,デキル,"動詞,自立,*,*",3
でなければ,デナケレバ,"接続詞,*,*,*",1
でも,デモ,"接続詞,*,*,*",2
とこ,トコ,"名詞,一般,*,*",2
とれ,トレ,"動詞,自立,*,*",1
どうか,ドウカ,"副詞,一般,*,*",1
どうして,ドウシテ,"副詞,一般,*,*",1
どん,ドン,"名詞,一般,*,*",1
どんなに,ドンナニ,"副詞,一般,*,*",1
なくなっ,ナクナッ,"動詞,自立,*,*",1
なくなら,ナクナラ,"動詞,自立,*,*",1
なけれ,ナケレ,"形容詞,自立,*,*",1
なっ,ナッ,"動詞,自立,*,*",8
なら,ナラ,"動詞,自立,*,*",2
なり,ナリ,"動詞,自立,*,*",2
なりすまし,ナリスマシ,"動詞,自立,*,*",1
なる,ナル,"動詞,自立,*,*",8
なんだか,ナンダカ,"副詞,一般,*,*",1
なんで,ナンデ,"副詞,一般,*,*",2
なんとも,ナントモ,"副詞,一般,*,*",1
ねっ,ネッ,"動詞,自立,*,*",1
はね,ハネ,"動詞,自立,*,*",1
ばね,バネ,"名詞,一般,*,*",1
ひとり,ヒトリ,"名詞,一般,*,*",1
ふと,フト,"副詞,一般,*,*",1
ふやし,フヤシ,"動詞,自立,*,*",1
ぶ,ブ,"動詞,自立,*,*",1
まさしく,マサシク,"副詞,一般,*,*",1
まじ,マジ,"名詞,形容動詞語幹,*,*",2
また,マタ,"接続詞,*,*,*",3
または,マタハ,"接続詞,*,*,*",1
まだしも,マダシモ,"副詞,一般,*,*",1
まとめ,マトメ,"動詞,自立,*,*",1
まとめ,マトメ,"名詞,一般,*,*",1
まね,マネ,"名詞,サ変接続,*,*",1
みえ,ミエ,"動詞,自立,*,*",1
めちゃくちゃ,メチャクチャ,"名詞,形容動詞語幹,*,*",1
もう,モウ,"副詞,一般,*,*",2
もう一度,モウイチド,"副詞,一般,*,*",1
もっ,モッ,"動詞,自立,*,*",1
やじ,ヤジ,"名詞,一般,*,*",1
やっ,ヤッ,"動詞,自立,*,*",3
やっぱ,ヤッパ,"副詞,一般,*,*",1
やば,ヤバ,"形容詞,自立,*,*",1
やばい,ヤバイ,"形容詞,自立,*,*",1
やめよ,ヤメヨ,"動詞,自立,*,*",1
やら,ヤラ,"動詞,自立,*,*",1
やらかす,ヤラカス,"動詞,自立,*,*",1
やり,ヤリ,"動詞,自立,*,*",2
よく,ヨク,"形容詞,自立,*,*",1
ろくに,ロクニ,"副詞,一般,*,*",1
わかっ,ワカッ,"動詞,自立,*,*",2
わから,ワカラ,"動詞,自立,*,*",2
わかる,ワカル,"動詞,自立,*,*",2
アイドル,アイドル,"名詞,一般,*,*",3
アカウント,アカウント,"名詞,一般,*,*",3
アメリカ,アメリカ,"名詞,固有名詞,地域,国",2
アンチ,アンチ,"名詞,一般,*,*",1
イベント,イベント,"名詞,一般,*,*",1
イメージ,イメージ,"名詞,サ変接続,*,*",2
ウイルス,ウイルス,"名詞,一般,*,*",1
カウント,カウント,"名詞,サ変接続,*,*",1
カタカナ,カタカナ,"名詞,一般,*,*",1
カラオケ,カラオケ,"名詞,一般,*,*",1
カルト,カルト,"名詞,一般,*,*",1
ガン,ガン,"名詞,一般,*,*",1
キャラ,キャラ,"名詞,一般,*,*",1
クズ,クズ,"名詞,一般,*,*",1
クビ,クビ,"名詞,一般,*,*",1
クラス,クラス,"名詞,一般,*,*",1
グループ,グループ,"名詞,一般,*,*",1
コメ,コメ,"名詞,一般,*,*",1
コメント,コメント,"名詞,サ変接続,*,*",3
コロナ,コロナ,"名詞,一般,*,*",4
ゴリラ,ゴリラ,"名詞,一般,*,*",1
システム,システム,"名詞,一般,*,*",1
スキル,スキル,"名詞,一般,*,*",1
スルー,スルー,"名詞,一般,*,*",1
タイ,タイ,"名詞,固有名詞,地域,国",1
タイムリー,タイムリー,"名詞,形容動詞語幹,*,*",1
ダサい,ダサイ,"形容詞,自立,*,*",1
ダム,ダム,"名詞,一般,*,*",1
ダメ,ダメ,"名詞,形容動詞語幹,*,*",2
チャンネル,チャンネル,"名詞,一般,*,*",1
ツール,ツール,"名詞,一般,*,*",2
テキスト,テキスト,"名詞,一般,*,*",1
デカ,デカ,"名詞,一般,*,*",1
デモ,デモ,"名詞,サ変接続,*,*",1
データ,データ,"名詞,一般,*,*",1
トドメ,トドメ,"名詞,一般,*,*",1
ドラマ,ドラマ,"名詞,一般,*,*",2
ニュース,ニュース,"名詞,一般,*,*",2
ネガティブ,ネガティブ,"名詞,形容動詞語幹,*,*",1
ネタ,ネタ,"名詞,一般,*,*",1
ネット,ネット,"名詞,一般,*,*",6
ハムスター,ハムスター,"名詞,一般,*,*",1
バレ,バレ,"動詞,自立,*,*",1
パーティー,パーティー,"名詞,一般,*,*",1
ファン,ファン,"名詞,一般,*,*",3
フリ,フリ,"名詞,一般,*,*",2
ブロック,ブロック,"名詞,一般,*,*",2
ボケ,ボケ,"名詞,一般,*,*",1
マイル,マイル,"名詞,一般,*,*",1
マスコミ,マスコミ,"名詞,一般,*,*",2
メディア,メディア,"名詞,一般,*,*",3
メンタル,メンタル,"名詞,形容動詞語幹,*,*",1
モデル,モデル,"名詞,一般,*,*",1
モヤモヤ,モヤモヤ,"副詞,一般,*,*",1
ヤリ,ヤリ,"名詞,固有名詞,一般,*",1
ライブ,ライブ,"名詞,一般,*,*",1
リアル,リアル,"名詞,固有名詞,一般,*",2
リスナー,リスナー,"名詞,一般,*,*",1
リプライ,リプライ,"名詞,サ変接続,*,*",1
リラックス,リラックス,"名詞,サ変接続,*,*",1
リンク,リンク,"名詞,サ変接続,*,*",1
ルール,ルール,"名詞,一般,*,*",1
レベル,レベル,"名詞,一般,*,*",1
ワゴン,ワゴン,"名詞,一般,*,*",1
ワード,ワード,"名詞,一般,*,*",1
一生,イッショウ,"名詞,副詞可能,*,*",1
一番,イチバン,"名詞,副詞可能,*,*",2
一般,イッパン,"名詞,一般,*,*",1
一般人,イッパンジン,"名詞,一般,*,*",1
一言,ヒトコト,"名詞,一般,*,*",1
一連,イチレン,"名詞,一般,*,*",1
上げ,アゲ,"動詞,自立,*,*",2
上げ,アゲ,"名詞,一般,*,*",1
下,シタ,"名詞,一般,*,*",1
下品,ゲヒン,"名詞,形容動詞語幹,*,*",1
下手,ヘタ,"名詞,形容動詞語幹,*,*",2
不倫,フリン,"名詞,サ変接続,*,*",1
不快,フカイ,"名詞,形容動詞語幹,*,*",2
不適切,フテキセツ,"名詞,形容動詞語幹,*,*",1
世の中,ヨノナカ,"名詞,一般,*,*",2
世界,セカイ,"名詞,一般,*,*",3
中身,ナカミ,"名詞,一般,*,*",1
主,アルジ,"名詞,一般,*,*",1
主義,シュギ,"名詞,一般,*,*",1
事,コト,"名詞,一般,*,*",1
事実,ジジツ,"名詞,副詞可能,*,*",2
事態,ジタイ,"名詞,一般,*,*",1
亡くなっ,ナクナッ,"動詞,自立,*,*",1
亡くなり,ナクナリ,"動詞,自立,*,*",1
亡くなる,ナクナル,"動詞,自立,*,*",1
人格,ジンカク,"名詞,一般,*,*",2
人種,ジンシュ,"名詞,一般,*,*",2
人達,ヒトタチ,"名詞,一般,*,*",3
人間,ニンゲン,"名詞,一般,*,*",7
今,イマ,"名詞,副詞可能,*,*",5
今や,イマヤ,"副詞,一般,*,*",1
今回,コンカイ,"名詞,副詞可能,*,*",2
今日,キョウ,"名詞,副詞可能,*,*",1
仕事,シゴト,"名詞,サ変接続,*,*",1
他人,タニン,"名詞,一般,*,*",1
付い,ツイ,"動詞,自立,*,*",1
付け,ツケ,"動詞,自立,*,*",1
付ける,ツケル,"動詞,自立,*,*",1
以前,イゼン,"名詞,副詞可能,*,*",1
仮に,カリニ,"副詞,一般,*,*",1
仲間,ナカマ,"名詞,一般,*,*",2
件,ケン,"名詞,一般,*,*",4
企業,キギョウ,"名詞,一般,*,*",1
会計,カイケイ,"名詞,サ変接続,*,*",1
伝え,ツタエ,"動詞,自立,*,*",1
似,ニ,"動詞,自立,*,*",1
住ん,スン,"動詞,自立,*,*",1
作っ,ツクッ,"動詞,自立,*,*",1
使っ,ツカッ,"動詞,自立,*,*",2
使わ,ツカワ,"動詞,自立,*,*",1
依存,イゾン,"名詞,サ変接続,*,*",1
価値,カチ,"名詞,一般,*,*",1
保て,タモテ,"動詞,自立,*,*",1
保身,ホシン,"名詞,一般,*,*",1
信仰,シンコウ,"名詞,サ変接続,*,*",1
信者,シンジャ,"名詞,一般,*,*",2
信頼,シンライ,"名詞,サ変接続,*,*",1
個人,コジン,"名詞,一般,*,*",3
値し,アタイシ,"動詞,自立,*,*",1
値する,アタイスル,"動詞,自立,*,*",1
偏向,ヘンコウ,"名詞,サ変接続,*,*",1
停止,テイシ,"名詞,サ変接続,*,*",1
健児,ケンジ,"名詞,固有名詞,人名,名",1
傷,キズ,"名詞,一般,*,*",2
傷つい,キズツイ,"動詞,自立,*,*",1
優し,ヤサシ,"形容詞,自立,*,*",1
優先,ユウセン,"名詞,サ変接続,*,*",1
充,タカシ,"名詞,固有名詞,人名,名",2
兆し,キザシ,"名詞,一般,*,*",1
先,サキ,"名詞,一般,*,*",1
先生,センセイ,"名詞,一般,*,*",3
免罪,メンザイ,"名詞,一般,*,*",1
入っ,ハイッ,"動詞,自立,*,*",1
全力,ゼンリョク,"名詞,一般,*,*",1
全部,ゼンブ,"名詞,副詞可能,*,*",1
全額,ゼンガク,"名詞,一般,*,*",1
八つ,ヤッツ,"名詞,一般,*,*",1
公式,コウシキ,"名詞,形容動詞語幹,*,*",1
六本木,ロッポンギ,"名詞,固有名詞,地域,一般",1
共産,キョウサン,"名詞,固有名詞,組織,*",1
具体,グタイ,"名詞,一般,*,*",1
内容,ナイヨウ,"名詞,一般,*,*",2
冗談,ジョウダン,"名詞,一般,*,*",1
冷たい,ツメタイ,"形容詞,自立,*,*",1
凄く,スゴク,"形容詞,自立,*,*",1
凍結,トウケツ,"名詞,サ変接続,*,*",7
処置,ショチ,"名詞,サ変接続,*,*",1
凶悪,キョウアク,"名詞,一般,*,*",1
出,デ,"動詞,自立,*,*",1
出る,デル,"動詞,自立,*,*",2
出回る,デマワル,"動詞,自立,*,*",1
出来る,デキル,"動詞,自立,*,*",1
分かっ,ワカッ,"動詞,自立,*,*",1
分から,ワカラ,"動詞,自立,*,*",1
分かり,ワカリ,"動詞,自立,*,*",2
刑,ケイ,"名詞,一般,*,*",1
初め,ハジメ,"名詞,副詞可能,*,*",1
初めて,ハジメテ,"副詞,一般,*,*",1
別に,ベツニ,"副詞,一般,*,*",2
刺せ,サセ,"動詞,自立,*,*",1
削除,サクジョ,"名詞,サ変接続,*,*",1
前,マエ,"名詞,副詞可能,*,*",3
剥奪,ハクダツ,"名詞,サ変接続,*,*",1
力,チカラ,"名詞,一般,*,*",1
努力,ドリョク,"名詞,サ変接続,*,*",1
動画,ドウガ,"名詞,一般,*,*",2
勘違い,カンチガイ,"名詞,サ変接続,*,*",1
勢力,セイリョク,"名詞,一般,*,*",2
北斗,ホクト,"名詞,一般,*,*",1
医学部,イガクブ,"名詞,一般,*,*",1
医師,イシ,"名詞,一般,*,*",2
医療,イリョウ,"名詞,一般,*,*",1
匿名,トクメイ,"名詞,一般,*,*",2
危うく,アヤウク,"形容詞,自立,*,*",1
原因,ゲンイン,"名詞,一般,*,*",1
友達,トモダチ,"名詞,一般,*,*",2
反省,ハンセイ,"名詞,サ変接続,*,*",1
取ら,トラ,"動詞,自立,*,*",1
取り,トリ,"動詞,自立,*,*",1
取り上げ,トリアゲ,"動詞,自立,*,*",1
取り巻い,トリマイ,"動詞,自立,*,*",1
取る,トル,"動詞,自立,*,*",2
取材,シュザイ,"名詞,サ変接続,*,*",1
受かっ,ウカッ,"動詞,自立,*,*",1
受け,ウケ,"動詞,自立,*,*",2
叩い,タタイ,"動詞,自立,*,*",3
叩か,タタカ,"動詞,自立,*,*",1
叩き,ハタキ,"動詞,自立,*,*",1
叩き,ハタキ,"名詞,一般,*,*",1
可視,カシ,"名詞,一般,*,*",3
合わせ,アワセ,"動詞,自立,*,*",1
吊し,ツルシ,"名詞,一般,*,*",1
同じく,オナジク,"副詞,一般,*,*",1
同僚,ドウリョウ,"名詞,一般,*,*",1
同窓会,ドウソウカイ,"名詞,一般,*,*",1
同級生,ドウキュウセイ,"名詞,一般,*,*",1
同調,ドウチョウ,"名詞,サ変接続,*,*",1
同質,ドウシツ,"名詞,一般,*,*",1
名前,ナマエ,"名詞,一般,*,*",1
名誉,メイヨ,"名詞,形容動詞語幹,*,*",1
吐く,ハク,"動詞,自立,*,*",1
向かっ,ムカッ,"動詞,自立,*,*",1
向け,ムケ,"動詞,自立,*,*",3
否定,ヒテイ,"名詞,サ変接続,*,*",2
吹聴,フイチョウ,"名詞,サ変接続,*,*",1
呈し,テイシ,"動詞,自立,*,*",1
呟く,ツブヤク,"動詞,自立,*,*",1
周り,マワリ,"名詞,一般,*,*",1
周辺,シュウヘン,"名詞,一般,*,*",1
味方,ミカタ,"名詞,サ変接続,*,*",1
呼ば,ヨバ,"動詞,自立,*,*",1
命,イノチ,"名詞,一般,*,*",1
品位,ヒンイ,"名詞,一般,*,*",1
唐,トウ,"名詞,一般,*,*",2
問題,モンダイ,"名詞,ナイ形容詞語幹,*,*",5
嘲笑,チョウショウ,"名詞,サ変接続,*,*",1
噛み付い,カミツイ,"動詞,自立,*,*",1
囲い,カコイ,"名詞,一般,*,*",5
国民,コクミン,"名詞,一般,*,*",3
地元,ジモト,"名詞,一般,*,*",1
垢,アカ,"名詞,一般,*,*",4
埋める,ウメル,"動詞,自立,*,*",1
基準,キジュン,"名詞,一般,*,*",1
報道,ホウドウ,"名詞,サ変接続,*,*",1
場,バ,"名詞,一般,*,*",4
場合,バアイ,"名詞,副詞可能,*,*",2
場所,バショ,"名詞,一般,*,*",1
増え,フエ,"動詞,自立,*,*",1
声,コエ,"名詞,一般,*,*",3
声優,セイユウ,"名詞,一般,*,*",1
売れる,ウレル,"動詞,自立,*,*",1
変え,カエ,"動詞,自立,*,*",1
変える,カエル,"動詞,自立,*,*",1
多い,オオイ,"形容詞,自立,*,*",2
多く,オオク,"形容詞,自立,*,*",1
夢,ユメ,"名詞,一般,*,*",1
大丈夫,ダイジョウブ,"名詞,形容動詞語幹,*,*",1
大事,ダイジ,"名詞,形容動詞語幹,*,*",2
大人,オトナ,"名詞,一般,*,*",1
大体,ダイタイ,"名詞,副詞可能,*,*",1
大切,タイセツ,"名詞,形容動詞語幹,*,*",1
大好き,ダイスキ,"名詞,形容動詞語幹,*,*",1
大嫌い,ダイキライ,"名詞,形容動詞語幹,*,*",1
大衆,タイシュウ,"名詞,一般,*,*",2
大袈裟,オオゲサ,"名詞,形容動詞語幹,*,*",1
大量,タイリョウ,"名詞,形容動詞語幹,*,*",2
失っ,ウシナッ,"動詞,自立,*,*",1
失礼,シツレイ,"名詞,サ変接続,*,*",1
奪わ,ウバワ,"動詞,自立,*,*",1
女性,ジョセイ,"名詞,一般,*,*",4
好感,コウカン,"名詞,一般,*,*",1
妨害,ボウガイ,"名詞,サ変接続,*,*",1
始め,ハジメ,"動詞,自立,*,*",1
威力,イリョク,"名詞,一般,*,*",1
嫌,イヤ,"名詞,形容動詞語幹,*,*",2
嫌い,キライ,"名詞,形容動詞語幹,*,*",2
子,コ,"名詞,一般,*,*",3
子ども,コドモ,"名詞,一般,*,*",1
子供,コドモ,"名詞,一般,*,*",2
子持ち,コモチ,"名詞,一般,*,*",1
字,ジ,"名詞,一般,*,*",1
存在,ソンザイ,"名詞,サ変接続,*,*",2
学ん,マナン,"動詞,自立,*,*",2
宇都宮,ウツノミヤ,"名詞,固有名詞,人名,姓",1
宇都宮,ウツノミヤ,"名詞,固有名詞,地域,一般",1
守屋,モリヤ,"名詞,固有名詞,人名,姓",1
安倍,アベ,"名詞,固有名詞,人名,姓",2
安全,アンゼン,"名詞,形容動詞語幹,*,*",1
宗教,シュウキョウ,"名詞,一般,*,*",1
定見,テイケン,"名詞,一般,*,*",1
実は,ジツハ,"接続詞,*,*,*",2
宣言,センゲン,"名詞,サ変接続,*,*",1
家,イエ,"名詞,一般,*,*",1
容姿,ヨウシ,"名詞,一般,*,*",1
宿題,シュクダイ,"名詞,サ変接続,*,*",1
寝,ネ,"動詞,自立,*,*",3
寝取ら,ネトラ,"動詞,自立,*,*",1
審査,シンサ,"名詞,サ変接続,*,*",1
審議,シンギ,"名詞,サ変接続,*,*",1
対,タイ,"名詞,接続詞的,*,*",1
対処,タイショ,"名詞,サ変接続,*,*",1
対岸,タイガン,"名詞,一般,*,*",1
対抗,タイコウ,"名詞,サ変接続,*,*",1
対策,タイサク,"名詞,サ変接続,*,*",1
対象,タイショウ,"名詞,一般,*,*",2
小さい,チイサイ,"形容詞,自立,*,*",2
少数,ショウスウ,"名詞,一般,*,*",2
尚,ナオ,"副詞,一般,*,*",1
届ける,トドケル,"動詞,自立,*,*",1
差出人,サシダシニン,"名詞,一般,*,*",1
差別,サベツ,"名詞,サ変接続,*,*",11
希,マレ,"名詞,形容動詞語幹,*,*",2
希望,キボウ,"名詞,サ変接続,*,*",1
幸い,サイワイ,"名詞,形容動詞語幹,*,*",1
幼稚園,ヨウチエン,"名詞,一般,*,*",1
建前,タテマエ,"名詞,一般,*,*",1
弁護士,ベンゴシ,"名詞,一般,*,*",2
弊社,ヘイシャ,"名詞,一般,*,*",1
弱い,ヨワイ,"形容詞,自立,*,*",2
弱者,ジャクシャ,"名詞,一般,*,*",1
強い,ツヨイ,"形容詞,自立,*,*",2
強く,ツヨク,"形容詞,自立,*,*",1
弾圧,ダンアツ,"名詞,サ変接続,*,*",1
当たり,アタリ,"名詞,一般,*,*",1
当事者,トウジシャ,"名詞,一般,*,*",1
影響,エイキョウ,"名詞,サ変接続,*,*",2
彼氏,カレシ,"名詞,一般,*,*",2
得,トク,"名詞,一般,*,*",1
心,ココロ,"名詞,一般,*,*",3
心無い,ココロナイ,"形容詞,自立,*,*",2
心臓,シンゾウ,"名詞,一般,*,*",1
心配,シンパイ,"名詞,サ変接続,*,*",2
応援,オウエン,"名詞,サ変接続,*,*",1
怖,コワ,"形容詞,自立,*,*",1
怖い,コワイ,"形容詞,自立,*,*",1
思い,オモイ,"動詞,自立,*,*",8
思い,オモイ,"名詞,一般,*,*",1
思いっきり,オモイッキリ,"副詞,一般,*,*",1
思う,オモウ,"動詞,自立,*,*",7
思え,オモエ,"動詞,自立,*,*",1
思っ,オモッ,"動詞,自立,*,*",11
思想,シソウ,"名詞,一般,*,*",1
恒心,コウシン,"名詞,一般,*,*",1
恥,ハジ,"名詞,一般,*,*",1
恨み,ウラミ,"動詞,自立,*,*",1
息子,ムスコ,"名詞,一般,*,*",1
悩み,ナヤミ,"名詞,一般,*,*",1
悪い,ワルイ,"形容詞,自立,*,*",4
悪口,ワルグチ,"名詞,一般,*,*",2
悲しい,カナシイ,"形容詞,自立,*,*",2
悲しかっ,カナシカッ,"形容詞,自立,*,*",1
悲しく,カナシク,"形容詞,自立,*,*",1
情けない,ナサケナイ,"形容詞,自立,*,*",1
情報,ジョウホウ,"名詞,一般,*,*",3
意,イ,"名詞,一般,*,*",1
意味,イミ,"名詞,サ変接続,*,*",4
意外,イガイ,"名詞,形容動詞語幹,*,*",1
意思,イシ,"名詞,サ変接続,*,*",1
意見,イケン,"名詞,サ変接続,*,*",4
感じ,カンジ,"動詞,自立,*,*",3
感じ,カンジ,"名詞,一般,*,*",2
感じる,カンジル,"動詞,自立,*,*",1
態度,タイド,"名詞,一般,*,*",3
成立,セイリツ,"名詞,サ変接続,*,*",1
成長,セイチョウ,"名詞,サ変接続,*,*",1
所属,ショゾク,"名詞,サ変接続,*,*",1
払わ,ハラワ,"動詞,自立,*,*",2
扱う,アツカウ,"動詞,自立,*,*",1
批判,ヒハン,"名詞,サ変接続,*,*",7
抉ら,エグラ,"動詞,自立,*,*",1
抑え込む,オサエコム,"動詞,自立,*,*",1
投稿,トウコウ,"名詞,サ変接続,*,*",3
抱え,カカエ,"動詞,自立,*,*",1
拒絶,キョゼツ,"名詞,サ変接続,*,*",1
招く,マネク,"動詞,自立,*,*",1
括り,ククリ,"動詞,自立,*,*",1
持ち,モチ,"動詞,自立,*,*",1
持っ,モッ,"動詞,自立,*,*",1
指原,サスハラ,"名詞,固有名詞,人名,姓",1
挙げ,アゲ,"動詞,自立,*,*",1
捉える,トラエル,"動詞,自立,*,*",1
捏造,ネツゾウ,"名詞,サ変接続,*,*",2
描い,エガイ,"動詞,自立,*,*",1
提唱,テイショウ,"名詞,サ変接続,*,*",1
損なう,ソコナウ,"動詞,自立,*,*",1
損害,ソンガイ,"名詞,サ変接続,*,*",1
擁護,ヨウゴ,"名詞,サ変接続,*,*",1
支持,シジ,"名詞,サ変接続,*,*",3
改め,アラタメ,"動詞,自立,*,*",1
改めて,アラタメテ,"副詞,一般,*,*",1
改変,カイヘン,"名詞,サ変接続,*,*",1
改正,カイセイ,"名詞,サ変接続,*,*",1
改革,カイカク,"名詞,サ変接続,*,*",1
攻撃,コウゲキ,"名詞,サ変接続,*,*",2
放題,ホウダイ,"名詞,形容動詞語幹,*,*",3
政権,セイケン,"名詞,一般,*,*",1
政治,セイジ,"名詞,一般,*,*",1
故意,コイ,"名詞,一般,*,*",1
救い,スクイ,"名詞,一般,*,*",1
教え,オシエ,"動詞,自立,*,*",2
教団,キョウダン,"名詞,一般,*,*",1
散見,サンケン,"名詞,サ変接続,*,*",1
斉藤,サイトウ,"名詞,固有名詞,人名,姓",1
新井,アライ,"名詞,固有名詞,人名,姓",1
既出,キシュツ,"名詞,サ変接続,*,*",1
日常,ニチジョウ,"名詞,一般,*,*",1
早く,ハヤク,"形容詞,自立,*,*",1
明記,メイキ,"名詞,サ変接続,*,*",1
昔,ムカシ,"名詞,副詞可能,*,*",1
星野,ホシノ,"名詞,固有名詞,人名,姓",1
星野,ホシノ,"名詞,固有名詞,地域,一般",1
映像,エイゾウ,"名詞,一般,*,*",1
時間,ジカン,"名詞,副詞可能,*,*",1
晋,ススム,"名詞,固有名詞,人名,名",2
晒さ,サラサ,"動詞,自立,*,*",1
晒し,サラシ,"動詞,自立,*,*",2
普通,フツウ,"名詞,形容動詞語幹,*,*",3
暇,ヒマ,"名詞,一般,*,*",1
暗,クラ,"形容詞,自立,*,*",1
暴れ,アバレ,"動詞,自立,*,*",1
暴動,ボウドウ,"名詞,一般,*,*",1
暴言,ボウゲン,"名詞,サ変接続,*,*",2
曖昧,アイマイ,"名詞,形容動詞語幹,*,*",1
更,サラ,"名詞,形容動詞語幹,*,*",1
書い,カイ,"動詞,自立,*,*",1
書き込み,カキコミ,"名詞,一般,*,*",1
最初,サイショ,"名詞,一般,*,*",2
最後,サイゴ,"名詞,一般,*,*",1
最近,サイキン,"名詞,副詞可能,*,*",1
月,ツキ,"名詞,一般,*,*",3
有名人,ユウメイジン,"名詞,一般,*,*",1
有能,ユウノウ,"名詞,形容動詞語幹,*,*",2
有難い,アリガタイ,"形容詞,自立,*,*",1
期限,キゲン,"名詞,一般,*,*",1
木村,キムラ,"名詞,固有名詞,人名,姓",4
未熟,ミジュク,"名詞,形容動詞語幹,*,*",1
末路,マツロ,"名詞,一般,*,*",1
本人,ホンニン,"名詞,一般,*,*",3
本当,ホントウ,"名詞,一般,*,*",1
本当に,ホントウニ,"副詞,一般,*,*",2
本質,ホンシツ,"名詞,一般,*,*",1
来,キ,"動詞,自立,*,*",2
来年,ライネン,"名詞,副詞可能,*,*",1
東京,トウキョウ,"名詞,固有名詞,地域,一般",1
根,ネ,"名詞,一般,*,*",1
根幹,コンカン,"名詞,一般,*,*",1
根拠,コンキョ,"名詞,一般,*,*",2
案件,アンケン,"名詞,一般,*,*",1
業務,ギョウム,"名詞,一般,*,*",1
業界,ギョウカイ,"名詞,一般,*,*",1
極致,キョクチ,"名詞,一般,*,*",1
楽し,タノシ,"形容詞,自立,*,*",1
楽しめ,タノシメ,"動詞,自立,*,*",1
権力,ケンリョク,"名詞,一般,*,*",1
横,ヨコ,"名詞,一般,*,*",1
欄,ラン,"名詞,一般,*,*",2
次,ツギ,"名詞,一般,*,*",2
次第,シダイ,"名詞,副詞可能,*,*",1
欲しい,ホシイ,"形容詞,自立,*,*",1
歌,ウタ,"名詞,一般,*,*",2
止ま,ヤマ,"動詞,自立,*,*",1
止まっ,トマッ,"動詞,自立,*,*",1
正し,タダシ,"動詞,自立,*,*",1
正しい,タダシイ,"形容詞,自立,*,*",1
死ぬ,シヌ,"動詞,自立,*,*",1
死ね,シネ,"動詞,自立,*,*",1
残し,ノコシ,"動詞,自立,*,*",1
毀損,キソン,"名詞,サ変接続,*,*",1
母,ハハ,"名詞,一般,*,*",1
母親,ハハオヤ,"名詞,一般,*,*",1
毎回,マイカイ,"名詞,副詞可能,*,*",1
毒づき,ドクヅキ,"動詞,自立,*,*",1
比較,ヒカク,"名詞,サ変接続,*,*",1
民主,ミンシュ,"名詞,一般,*,*",1
民主党,ミンシュトウ,"名詞,固有名詞,組織,*",1
気,キ,"名詞,一般,*,*",5
気持ち,キモチ,"名詞,一般,*,*",1
汚い,キタナイ,"形容詞,自立,*,*",1
汚く,キタナク,"形容詞,自立,*,*",1
沖縄,オキナワ,"名詞,固有名詞,地域,一般",1
沼田,ヌマタ,"名詞,一般,*,*",1
法,ホウ,"名詞,一般,*,*",1
法的,ホウテキ,"名詞,形容動詞語幹,*,*",1
注意,チュウイ,"名詞,サ変接続,*,*",1
活動,カツドウ,"名詞,サ変接続,*,*",2
流れ,ナガレ,"動詞,自立,*,*",2
流布,ルフ,"名詞,サ変接続,*,*",1
流行,リュウコウ,"名詞,サ変接続,*,*",1
浮気,ウワキ,"名詞,サ変接続,*,*",1
浴びせ,アビセ,"動詞,自立,*,*",1
消さ,ケサ,"動詞,自立,*,*",1
消す,ケス,"動詞,自立,*,*",1
満足,マンゾク,"名詞,サ変接続,*,*",1
源,ハジメ,"名詞,固有名詞,人名,名",1
澤,サワ,"名詞,固有名詞,人名,姓",2
火,ヒ,"名詞,一般,*,*",1
火事,カジ,"名詞,一般,*,*",1
炎上,エンジョウ,"名詞,サ変接続,*,*",1
無い,ナイ,"形容詞,自立,*,*",1
無くなら,ナクナラ,"動詞,自立,*,*",1
無理,ムリ,"名詞,形容動詞語幹,*,*",2
無視,ムシ,"名詞,サ変接続,*,*",1
煙,ケムリ,"名詞,一般,*,*",1
熟読,ジュクドク,"名詞,サ変接続,*,*",1
燃える,モエル,"動詞,自立,*,*",1
特定,トクテイ,"名詞,サ変接続,*,*",3
犯罪,ハンザイ,"名詞,一般,*,*",1
独り言,ヒトリゴト,"名詞,一般,*,*",1
猫,ネコ,"名詞,一般,*,*",1
現れる,アラワレル,"動詞,自立,*,*",1
理由,リユウ,"名詞,一般,*,*",1
理解,リカイ,"名詞,サ変接続,*,*",2
生かし,イカシ,"動詞,自立,*,*",1
生き,イキ,"動詞,自立,*,*",1
生み出す,ウミダス,"動詞,自立,*,*",1
生放送,ナマホウソウ,"名詞,一般,*,*",1
申し訳,モウシワケ,"名詞,ナイ形容詞語幹,*,*",1
男,オトコ,"名詞,一般,*,*",2
男性,ダンセイ,"名詞,一般,*,*",1
画期的,カッキテキ,"名詞,形容動詞語幹,*,*",1
番組,バングミ,"名詞,一般,*,*",1
疑い,ウタガイ,"動詞,自立,*,*",1
疑う,ウタガウ,"動詞,自立,*,*",1
疾患,シッカン,"名詞,一般,*,*",1
発信,ハッシン,"名詞,サ変接続,*,*",2
発生,ハッセイ,"名詞,サ変接続,*,*",1
発覚,ハッカク,"名詞,サ変接続,*,*",1
発言,ハツゲン,"名詞,サ変接続,*,*",1
目,メ,"名詞,一般,*,*",1
目的,モクテキ,"名詞,一般,*,*",1
直接,チョクセツ,"名詞,副詞可能,*,*",1
相手,アイテ,"名詞,一般,*,*",7
県民,ケンミン,"名詞,一般,*,*",1
真っ当,マットウ,"名詞,形容動詞語幹,*,*",2
真実,シンジツ,"名詞,一般,*,*",1
眠れ,ネムレ,"動詞,自立,*,*",1
瞬間,シュンカン,"名詞,副詞可能,*,*",1
矛盾,ムジュン,"名詞,サ変接続,*,*",1
知っ,シッ,"動詞,自立,*,*",1
知ら,シラ,"動詞,自立,*,*",2
確実,カクジツ,"名詞,形容動詞語幹,*,*",2
示し,シメシ,"動詞,自立,*,*",1
示談,ジダン,"名詞,一般,*,*",1
社会,シャカイ,"名詞,一般,*,*",2
社長,シャチョウ,"名詞,一般,*,*",1
神格,シンカク,"名詞,一般,*,*",1
神経,シンケイ,"名詞,一般,*,*",1
神道,シントウ,"名詞,一般,*,*",1
祭り,マツリ,"名詞,一般,*,*",1
福島,フクシマ,"名詞,固有名詞,地域,一般",1
積み重なっ,ツミカサナッ,"動詞,自立,*,*",1
積み重ね,ツミカサネ,"動詞,自立,*,*",1
穢す,ケガス,"動詞,自立,*,*",1
穢れ,ケガレ,"名詞,一般,*,*",1
突っ込ん,ツッコン,"動詞,自立,*,*",1
立た,タタ,"動詞,自立,*,*",1
立憲,リッケン,"名詞,一般,*,*",2
笑,エミ,"名詞,固有名詞,人名,名",6
符,フ,"名詞,一般,*,*",1
策,サク,"名詞,一般,*,*",1
粘着,ネンチャク,"名詞,サ変接続,*,*",1
精神,セイシン,"名詞,一般,*,*",2
素晴らし,スバラシ,"形容詞,自立,*,*",1
素晴らしい,スバラシイ,"形容詞,自立,*,*",1
組織,ソシキ,"名詞,サ変接続,*,*",1
経っ,タッ,"動詞,自立,*,*",1
経験,ケイケン,"名詞,サ変接続,*,*",1
結局,ケッキョク,"名詞,副詞可能,*,*",1
統合,トウゴウ,"名詞,サ変接続,*,*",1
絶対,ゼッタイ,"名詞,副詞可能,*,*",1
続き,ツヅキ,"動詞,自立,*,*",1
続き,ツヅキ,"名詞,一般,*,*",1
続く,ツヅク,"動詞,自立,*,*",1
緊急,キンキュウ,"名詞,形容動詞語幹,*,*",1
緊縮,キンシュク,"名詞,サ変接続,*,*",1
総理,ソウリ,"名詞,一般,*,*",1
線,セン,"名詞,一般,*,*",1
繋がる,ツナガル,"動詞,自立,*,*",1
纏め,マトメ,"動詞,自立,*,*",1
罪,ツミ,"名詞,一般,*,*",1
罵倒,バトウ,"名詞,サ変接続,*,*",2
罵詈,バリ,"名詞,サ変接続,*,*",2
美玲,ミレイ,"名詞,固有名詞,人名,名",1
群がり,ムラガリ,"動詞,自立,*,*",1
考え,カンガエ,"動詞,自立,*,*",3
聞い,キイ,"動詞,自立,*,*",1
聞き,キキ,"動詞,自立,*,*",1
脳みそ,ノウミソ,"名詞,一般,*,*",1
腐っ,クサッ,"動詞,自立,*,*",1
自体,ジタイ,"名詞,一般,*,*",1
自尊心,ジソンシン,"名詞,一般,*,*",1
自己,ジコ,"名詞,一般,*,*",1
自殺,ジサツ,"名詞,サ変接続,*,*",3
自由,ジユウ,"名詞,形容動詞語幹,*,*",1
自粛,ジシュク,"名詞,サ変接続,*,*",1
自身,ジシン,"名詞,一般,*,*",2
舐め,ナメ,"動詞,自立,*,*",1
良い,ヨイ,"形容詞,自立,*,*",2
良く,ヨク,"形容詞,自立,*,*",2
良識,リョウシキ,"名詞,一般,*,*",1
花,ハナ,"名詞,固有名詞,人名,名",4
芸能人,ゲイノウジン,"名詞,一般,*,*",2
若い,ワカイ,"形容詞,自立,*,*",1
苦しい,クルシイ,"形容詞,自立,*,*",1
苦しみ,クルシミ,"名詞,一般,*,*",1
荒らし,アラシ,"動詞,自立,*,*",2
荒れ,アレ,"動詞,自立,*,*",2
著名,チョメイ,"名詞,形容動詞語幹,*,*",2
行く,イク,"動詞,自立,*,*",2
行っ,イッ,"動詞,自立,*,*",1
行っ,オコナッ,"動詞,自立,*,*",2
行為,コウイ,"名詞,サ変接続,*,*",2
裏,ウラ,"名詞,一般,*,*",1
複数,フクスウ,"名詞,一般,*,*",1
要素,ヨウソ,"名詞,一般,*,*",1
見,ミ,"動詞,自立,*,*",9
見え,ミエ,"動詞,自立,*,*",2
見え,ミエ,"名詞,一般,*,*",1
見える,ミエル,"動詞,自立,*,*",2
見る,ミル,"動詞,自立,*,*",1
見直し,ミナオシ,"動詞,自立,*,*",1
見苦しい,ミグルシイ,"形容詞,自立,*,*",1
規制,キセイ,"名詞,サ変接続,*,*",3
覚え,オボエ,"動詞,自立,*,*",1
観,ミ,"動詞,自立,*,*",1
解き,トキ,"動詞,自立,*,*",1
解ら,ワカラ,"動詞,自立,*,*",1
解決,カイケツ,"名詞,サ変接続,*,*",3
解除,カイジョ,"名詞,サ変接続,*,*",1
言い,イイ,"動詞,自立,*,*",2
言い訳,イイワケ,"名詞,サ変接続,*,*",2
言う,イウ,"動詞,自立,*,*",8
言え,イエ,"動詞,自立,*,*",4
言わ,イワ,"動詞,自立,*,*",7
言及,ゲンキュウ,"名詞,サ変接続,*,*",2
言葉,コトバ,"名詞,一般,*,*",5
言論,ゲンロン,"名詞,一般,*,*",1
計画,ケイカク,"名詞,サ変接続,*,*",1
記事,キジ,"名詞,一般,*,*",1
許し,ユルシ,"動詞,自立,*,*",1
許せ,ユルセ,"動詞,自立,*,*",1
訴え,ウッタエ,"動詞,自立,*,*",1
訴える,ウッタエル,"動詞,自立,*,*",1
訴訟,ソショウ,"名詞,サ変接続,*,*",2
証拠,ショウコ,"名詞,一般,*,*",1
話し,ハナシ,"動詞,自立,*,*",1
話題,ワダイ,"名詞,一般,*,*",3
詳しく,クワシク,"形容詞,自立,*,*",1
認識,ニンシキ,"名詞,サ変接続,*,*",1
誘導,ユウドウ,"名詞,サ変接続,*,*",1
語る,カタル,"動詞,自立,*,*",1
誤字,ゴジ,"名詞,一般,*,*",1
誤解,ゴカイ,"名詞,サ変接続,*,*",2
読み返し,ヨミカエシ,"動詞,自立,*,*",1
読め,ヨメ,"動詞,自立,*,*",1
誰か,ダレカ,"名詞,一般,*,*",1
調べ,シラベ,"動詞,自立,*,*",3
請求,セイキュウ,"名詞,サ変接続,*,*",1
論じる,ロンジル,"動詞,自立,*,*",1
論旨,ロンシ,"名詞,一般,*,*",1
謂わ,イワ,"動詞,自立,*,*",1
謎,ナゾ,"名詞,一般,*,*",1
謝る,アヤマル,"動詞,自立,*,*",1
議論,ギロン,"名詞,サ変接続,*,*",1
財政,ザイセイ,"名詞,一般,*,*",1
販売,ハンバイ,"名詞,サ変接続,*,*",1
責任,セキニン,"名詞,一般,*,*",1
貰え,モラエ,"動詞,自立,*,*",1
貰える,モラエル,"動詞,自立,*,*",1
貴洋,タカヒロ,"名詞,固有名詞,人名,名",2
賛成,サンセイ,"名詞,サ変接続,*,*",1
賠償,バイショウ,"名詞,サ変接続,*,*",1
起こさ,オコサ,"動詞,自立,*,*",1
起こっ,オコッ,"動詞,自立,*,*",2
趣旨,シュシ,"名詞,一般,*,*",1
跳ね返る,ハネカエル,"動詞,自立,*,*",1
踏みにじる,フミニジル,"動詞,自立,*,*",1
身,ミ,"名詞,一般,*,*",2
転載,テンサイ,"名詞,サ変接続,*,*",1
載せ,ノセ,"動詞,自立,*,*",1
辛い,ツライ,"形容詞,自立,*,*",2
辞め,ヤメ,"動詞,自立,*,*",3
辞めよ,ヤメヨ,"動詞,自立,*,*",1
辞めれ,ヤメレ,"動詞,自立,*,*",1
近く,チカク,"名詞,副詞可能,*,*",1
返し,カエシ,"動詞,自立,*,*",1
追い詰め,オイツメ,"動詞,自立,*,*",1
追い込ま,オイコマ,"動詞,自立,*,*",1
退治,タイジ,"名詞,サ変接続,*,*",1
逃げ,ニゲ,"動詞,自立,*,*",1
逃げ,ニゲ,"名詞,一般,*,*",1
逃げ場,ニゲバ,"名詞,一般,*,*",1
逆手,サカテ,"名詞,一般,*,*",1
通報,ツウホウ,"名詞,サ変接続,*,*",1
速報,ソクホウ,"名詞,サ変接続,*,*",1
連中,レンチュウ,"名詞,一般,*,*",2
連鎖,レンサ,"名詞,一般,*,*",1
逮捕,タイホ,"名詞,サ変接続,*,*",2
進める,ススメル,"動詞,自立,*,*",1
進藤,シンドウ,"名詞,固有名詞,人名,姓",1
過度,カド,"名詞,形容動詞語幹,*,*",1
道具,ドウグ,"名詞,一般,*,*",2
違う,チガウ,"動詞,自立,*,*",5
違っ,チガッ,"動詞,自立,*,*",1
選択,センタク,"名詞,サ変接続,*,*",1
郵便,ユウビン,"名詞,一般,*,*",1
都築,ツヅキ,"名詞,固有名詞,人名,姓",1
配信,ハイシン,"名詞,サ変接続,*,*",2
酷,ヒド,"形容詞,自立,*,*",1
里,サト,"名詞,一般,*,*",1
里佳,サトカ,"名詞,固有名詞,人名,名",1
野郎,ヤロウ,"名詞,一般,*,*",1
金山,カナヤマ,"名詞,固有名詞,人名,姓",1
金持ち,カネモチ,"名詞,一般,*,*",1
鋼,ハガネ,"名詞,一般,*,*",1
鍵,カギ,"名詞,一般,*,*",1
閉ざさ,トザサ,"動詞,自立,*,*",1
開示,カイジ,"名詞,サ変接続,*,*",2
関係,カンケイ,"名詞,サ変接続,*,*",1
限界,ゲンカイ,"名詞,一般,*,*",1
陰口,カゲグチ,"名詞,一般,*,*",1
陰湿,インシツ,"名詞,形容動詞語幹,*,*",1
雑言,ゾウゴン,"名詞,サ変接続,*,*",2
難しい,ムズカシイ,"形容詞,自立,*,*",1
非常,ヒジョウ,"名詞,形容動詞語幹,*,*",1
面,メン,"名詞,一般,*,*",1
順位,ジュンイ,"名詞,一般,*,*",1
頑張っ,ガンバッ,"動詞,自立,*,*",1
頭,アタマ,"名詞,一般,*,*",4
顔,カオ,"名詞,一般,*,*",1
風,カゼ,"名詞,一般,*,*",1
風評,フウヒョウ,"名詞,一般,*,*",1
飛び上がっ,トビアガッ,"動詞,自立,*,*",1
飛ん,トン,"動詞,自立,*,*",1
首,クビ,"名詞,一般,*,*",1
駄目,ダメ,"名詞,形容動詞語幹,*,*",1
騒動,ソウドウ,"名詞,サ変接続,*,*",1
高校,コウコウ,"名詞,一般,*,*",1
高畑,タカハタ,"名詞,固有名詞,人名,姓",2
鯖,サバ,"名詞,一般,*,*",1
黒人,コクジン,"名詞,一般,*,*",2
